Award,Conference,Year,Citation
Test of Time Award,ACM/IEEE HRI,2026,dragan2013legibility
RSS-ROAR Workshop Best Paper Award Winner,CoRL,2025,baijal2025lrn
Best Paper Award Finalist for Systems,ACM/IEEE HRI,2025,nanavati2025lessons
Best Demo Award Winner,ACM/IEEE HRI,2024,gordonjenamaninanavati2024demo
Top 5 Percent Paper,ICLR,2023,ainsworth2023gitrebasin
Best Paper Award Winner for Design,ACM/IEEE HRI,2023,nanavati2023designprinciples
Best Student Paper Award Winner,ICAPS,2019,mandalika2019gls
Best Paper Award Winner for Technical Advances in HRI,ACM/IEEE HRI,2019,gallenberger2019skewering
IEEE Fellow,,2018,
Best Paper Award Finalist,ACM/IEEE HRI,2018,chen2018trust
Best Paper Award Winner,ICAPS,2018,haghtalab2018laziness
Best Demo Award Winner,NeurIPS,2018,bhattacharjee2018feedingdemo
Boeing Endowed Professorship in Computer Science,,2017-23,
CMU Women's Association outstanding graduating senior advisor (Rachel Holladay),,2017,
Best Vision Paper Award Finalist,IEEE ICRA,2016,klingensmith2016armslamconf
Best Systems Paper Award Finalist,RSS,2015,klingensmith2015chisel
Best Conference Paper Award Finalist,IEEE ICRA,2015,dragan2015dmp
Best Video Award Finalist,IEEE ICRA,2014,chavandafle2014extrinsic
Finmeccanica Chair in Computer Science,,2013-16,
RSS Early Career Spotlight Award,,2013,
Best Manipulation Paper Award Finalist,IEEE ICRA,2013,javdani2013tactile
Best Paper Award Finalist,RSS,2013,dragan2013legible
Robotics Institute Cool Person of the Year Award,,2012,
Okawa Foundation Research Grant,,2012,
Office of Naval Research Young Investigator Award,,2012,
Best Paper Award Finalist,RSS,2012,dragan2012formalizing
Best Paper Award Finalist,IEEE RO-MAN,2012,dragan2012custom
RAS Most Active Technical Committee Award: Mobile Manipulation,,2011,
Best Paper Award Finalist,IEEE/RSJ IROS,2010,dogar2010pushgrasp
Best Paper Award Winner,ACM/IEEE HRI,2010,lee2010gracefully
Best Manipulation Paper Award Finalist,IEEE ICRA,2010,chang2010pregrasp
Best Vision Paper Award Finalist,IEEE ICRA,2009,collet2009object
Intel Corporate Technology Group Divisional Recognition Awards,,2008,
Intel Research Pittsburgh Lab Research Awards,,2006-07,
"Jawaharlal Nehru Summer Research Fellowship, Indian Institute of Science",,1997-98,
"Rajiv Gandhi Award for Best Summer Research Fellow, Indian Institute of Science",,1997-98,
Indian National Mathematics Olympiad,,1994,
